{"levelWeapon":22,"currentCurrency":1900,"walletCurrency":3203.0,"currenLevel":1,"maximumValueWallet":3203,"miningSpeed":78.6641159,"currentDateTime":"2024-10-07T17:52:47.6610518+03:00"}