{"levelWeapon":22,"currentCurrency":1900,"walletCurrency":3203.0,"currenLevel":1,"maximumValueWallet":3203,"miningSpeed":78.6641159,"currentDateTime":"2024-10-08T09:40:11.6207619+03:00"}