{"levelWeapon":2,"currentCurrency":447,"walletCurrency":1006.0,"currenLevel":1,"maximumValueWallet":1006,"miningSpeed":12.0518894,"currentDateTime":"2024-10-07T14:47:17.4213247+03:00"}