{"levelWeapon":2,"currentCurrency":447,"walletCurrency":514.680237,"currenLevel":1,"maximumValueWallet":1006,"miningSpeed":12.0518894,"currentDateTime":"2024-10-07T11:39:06.6293435+03:00"}